time_period_start;time_period_end;time_open;time_close;rate_open;rate_high;rate_low;rate_close
2021-01-01T00:00:00.0000000Z;2021-01-02T00:00:00.0000000Z;2021-01-01T00:01:00.0000000Z;2021-01-01T23:59:00.0000000Z;0.004679960436010572;0.005731497664005603;0.004624706534255325;0.005667371286365159
2021-01-02T00:00:00.0000000Z;2021-01-03T00:00:00.0000000Z;2021-01-02T00:01:00.0000000Z;2021-01-02T23:59:00.0000000Z;0.005773586392862561;0.013988521676511304;0.005581886042872942;0.010621110501552936
2021-01-03T00:00:00.0000000Z;2021-01-04T00:00:00.0000000Z;2021-01-03T00:01:00.0000000Z;2021-01-03T23:59:00.0000000Z;0.010629969760280607;0.013996032651472866;0.009201265409735022;0.009594720362296484
2021-01-04T00:00:00.0000000Z;2021-01-05T00:00:00.0000000Z;2021-01-04T00:01:00.0000000Z;2021-01-04T23:59:00.0000000Z;0.00966047205490334;0.011660845692467921;0.0075802928905527615;0.009656507790887833
2021-01-05T00:00:00.0000000Z;2021-01-06T00:00:00.0000000Z;2021-01-05T00:01:00.0000000Z;2021-01-05T23:59:00.0000000Z;0.009816182889180092;0.010265350694000733;0.00888560645005263;0.010001210206241687
2021-01-06T00:00:00.0000000Z;2021-01-07T00:00:00.0000000Z;2021-01-06T00:01:00.0000000Z;2021-01-06T23:59:00.0000000Z;0.01005;0.011061;0.0096421;0.0105253
2021-01-07T00:00:00.0000000Z;2021-01-08T00:00:00.0000000Z;2021-01-07T00:01:00.0000000Z;2021-01-07T23:59:00.0000000Z;0.010388474355115128;0.010755651386313625;0.009036088863067717;0.009850750056228381
2021-01-08T00:00:00.0000000Z;2021-01-09T00:00:00.0000000Z;2021-01-08T00:01:00.0000000Z;2021-01-08T23:59:00.0000000Z;0.00965512663911899;0.010515363215952568;0.008804441935751505;0.009771947343891524
2021-01-09T00:00:00.0000000Z;2021-01-10T00:00:00.0000000Z;2021-01-09T00:01:00.0000000Z;2021-01-09T23:59:00.0000000Z;0.00976210306883748;0.010807333251956689;0.009623169638560697;0.01018548258066311
2021-01-10T00:00:00.0000000Z;2021-01-11T00:00:00.0000000Z;2021-01-10T00:01:00.0000000Z;2021-01-10T23:59:00.0000000Z;0.010276191374886584;0.010896820557489867;0.00904452351833134;0.009815890573859096
2021-01-11T00:00:00.0000000Z;2021-01-12T00:00:00.0000000Z;2021-01-11T00:01:00.0000000Z;2021-01-11T23:59:00.0000000Z;0.009848189993670691;0.009848189993670691;0.00673902952159826;0.008865821927823689
2021-01-12T00:00:00.0000000Z;2021-01-13T00:00:00.0000000Z;2021-01-12T00:01:00.0000000Z;2021-01-12T23:59:00.0000000Z;0.008852956844734586;0.00917991578276538;0.007845572625270388;0.008043927045292781
2021-01-13T00:00:00.0000000Z;2021-01-14T00:00:00.0000000Z;2021-01-13T00:01:00.0000000Z;2021-01-13T23:59:00.0000000Z;0.008067409011306096;0.008705377040838685;0.007741585602951998;0.008705377040838685
2021-01-14T00:00:00.0000000Z;2021-01-15T00:00:00.0000000Z;2021-01-14T00:01:00.0000000Z;2021-01-14T23:59:00.0000000Z;0.008712752526562761;0.01009667494625345;0.00833024187312295;0.009406483152204319
2021-01-15T00:00:00.0000000Z;2021-01-16T00:00:00.0000000Z;2021-01-15T00:01:00.0000000Z;2021-01-15T23:59:00.0000000Z;0.009414495034558601;0.009862901701552516;0.008332809538263326;0.009425714868059577
2021-01-16T00:00:00.0000000Z;2021-01-17T00:00:00.0000000Z;2021-01-16T00:01:00.0000000Z;2021-01-16T23:59:00.0000000Z;0.009446650742469333;0.009587970813922968;0.009034804672170334;0.00919051867963302
2021-01-17T00:00:00.0000000Z;2021-01-18T00:00:00.0000000Z;2021-01-17T00:01:00.0000000Z;2021-01-17T23:59:00.0000000Z;0.009149079819127517;0.009381085500615052;0.008793140181514912;0.00910279970938482
2021-01-18T00:00:00.0000000Z;2021-01-19T00:00:00.0000000Z;2021-01-18T00:01:00.0000000Z;2021-01-18T23:59:00.0000000Z;0.009104361532230988;0.009320710464961223;0.008929267979306491;0.009230832847325789
2021-01-19T00:00:00.0000000Z;2021-01-20T00:00:00.0000000Z;2021-01-19T00:01:00.0000000Z;2021-01-19T23:59:00.0000000Z;0.009210054464067974;0.009719522019084504;0.008955271883821126;0.009119738419055888
2021-01-20T00:00:00.0000000Z;2021-01-21T00:00:00.0000000Z;2021-01-20T00:01:00.0000000Z;2021-01-20T23:59:00.0000000Z;0.009071263119443567;0.009192882326479034;0.008489910742681132;0.009025180635548174
2021-01-21T00:00:00.0000000Z;2021-01-22T00:00:00.0000000Z;2021-01-21T00:01:00.0000000Z;2021-01-21T23:59:00.0000000Z;0.00906043969077968;0.009185448224199751;0.007885043089875976;0.008019068411247972
2021-01-22T00:00:00.0000000Z;2021-01-23T00:00:00.0000000Z;2021-01-22T00:01:00.0000000Z;2021-01-22T23:59:00.0000000Z;0.008100000399463392;0.008775265669123532;0.007601090598527013;0.0085400019762643
2021-01-23T00:00:00.0000000Z;2021-01-24T00:00:00.0000000Z;2021-01-23T00:01:00.0000000Z;2021-01-23T23:59:00.0000000Z;0.008416268299147742;0.008826665498390876;0.008321071896547533;0.008519568536613457
2021-01-24T00:00:00.0000000Z;2021-01-25T00:00:00.0000000Z;2021-01-24T00:01:00.0000000Z;2021-01-24T23:59:00.0000000Z;0.008579496515876434;0.009000642508834516;0.008485377854489128;0.008783244231346618
2021-01-25T00:00:00.0000000Z;2021-01-26T00:00:00.0000000Z;2021-01-25T00:01:00.0000000Z;2021-01-25T23:59:00.0000000Z;0.00878311909145858;0.008899700907185485;0.008226949292787106;0.008298905465088132
2021-01-26T00:00:00.0000000Z;2021-01-27T00:00:00.0000000Z;2021-01-26T00:01:00.0000000Z;2021-01-26T23:59:00.0000000Z;0.008243223773905376;0.00846069204002601;0.007924008508411549;0.00824231842017402
2021-01-27T00:00:00.0000000Z;2021-01-28T00:00:00.0000000Z;2021-01-27T00:01:00.0000000Z;2021-01-27T23:59:00.0000000Z;0.008238023785577574;0.008286196300995754;0.007231692603292898;0.007430360149420173
2021-01-28T00:00:00.0000000Z;2021-01-29T00:00:00.0000000Z;2021-01-28T00:01:00.0000000Z;2021-01-28T23:59:00.0000000Z;0.007480426733564742;0.03618642514832635;0.007321386849864058;0.03499987845660313
2021-01-29T00:00:00.0000000Z;2021-01-30T00:00:00.0000000Z;2021-01-29T00:01:00.0000000Z;2021-01-29T23:59:00.0000000Z;0.034877157301251495;0.0848248727465995;0.03223570113364579;0.046726767650533345
2021-01-30T00:00:00.0000000Z;2021-01-31T00:00:00.0000000Z;2021-01-30T00:01:00.0000000Z;2021-01-30T23:59:00.0000000Z;0.047148481718941204;0.0506045539003675;0.022366479003411953;0.028219719460688093
2021-01-31T00:00:00.0000000Z;2021-02-01T00:00:00.0000000Z;2021-01-31T00:01:00.0000000Z;2021-01-31T23:59:00.0000000Z;0.02782642147324034;0.049235498211043977;0.026991036380097037;0.0371749390841691
2021-02-01T00:00:00.0000000Z;2021-02-02T00:00:00.0000000Z;2021-02-01T00:01:00.0000000Z;2021-02-01T23:59:00.0000000Z;0.03718388420722671;0.04380168431067536;0.03309005533458589;0.03472986073829736
2021-02-02T00:00:00.0000000Z;2021-02-03T00:00:00.0000000Z;2021-02-02T00:01:00.0000000Z;2021-02-02T23:59:00.0000000Z;0.03509787477353461;0.03525576648165119;0.02898683598479278;0.031435534353337076
2021-02-03T00:00:00.0000000Z;2021-02-04T00:00:00.0000000Z;2021-02-03T00:01:00.0000000Z;2021-02-03T23:59:00.0000000Z;0.03132176449657716;0.03979887175463449;0.03108360421833799;0.0371335023326726
2021-02-04T00:00:00.0000000Z;2021-02-05T00:00:00.0000000Z;2021-02-04T00:01:00.0000000Z;2021-02-04T23:59:00.0000000Z;0.03702726798514206;0.05907648449404646;0.03592915189820419;0.053639859169133074
2021-02-05T00:00:00.0000000Z;2021-02-06T00:00:00.0000000Z;2021-02-05T00:01:00.0000000Z;2021-02-05T23:59:00.0000000Z;0.05202973473817728;0.054173874191339434;0.04331677501783045;0.04690215713455014
2021-02-06T00:00:00.0000000Z;2021-02-07T00:00:00.0000000Z;2021-02-06T00:01:00.0000000Z;2021-02-06T23:59:00.0000000Z;0.04670119646914746;0.05894396979654238;0.044663743407938834;0.05781960647254513
2021-02-07T00:00:00.0000000Z;2021-02-08T00:00:00.0000000Z;2021-02-07T00:01:00.0000000Z;2021-02-07T23:58:00.0000000Z;0.05780692794465942;0.0849157960605425;0.05334800253745935;0.07923206133846265
2021-02-08T00:00:00.0000000Z;2021-02-09T00:00:00.0000000Z;2021-02-08T00:01:00.0000000Z;2021-02-08T23:59:00.0000000Z;0.0757475;0.0853968;0.0630069;0.0790745
2021-02-09T00:00:00.0000000Z;2021-02-10T00:00:00.0000000Z;2021-02-09T00:01:00.0000000Z;2021-02-09T23:59:00.0000000Z;0.07892871605576385;0.08366977788556065;0.06416318796275189;0.07011073361943367
2021-02-10T00:00:00.0000000Z;2021-02-11T00:00:00.0000000Z;2021-02-10T00:01:00.0000000Z;2021-02-10T23:59:00.0000000Z;0.07060417123540914;0.081780975711509;0.06708266349266068;0.07278803965768192
2021-02-11T00:00:00.0000000Z;2021-02-12T00:00:00.0000000Z;2021-02-11T00:01:00.0000000Z;2021-02-11T23:59:00.0000000Z;0.07256105212430214;0.07512346146630995;0.06814266869770459;0.06977734576449492
2021-02-12T00:00:00.0000000Z;2021-02-13T00:00:00.0000000Z;2021-02-12T00:01:00.0000000Z;2021-02-12T23:59:00.0000000Z;0.06999989244463382;0.07336210499156301;0.06106074841374085;0.07009485438586198
2021-02-13T00:00:00.0000000Z;2021-02-14T00:00:00.0000000Z;2021-02-13T00:01:00.0000000Z;2021-02-13T23:59:00.0000000Z;0.0703512716511126;0.07189975651386096;0.06595192692025482;0.0662989489663145
2021-02-14T00:00:00.0000000Z;2021-02-15T00:00:00.0000000Z;2021-02-14T00:01:00.0000000Z;2021-02-14T23:59:00.0000000Z;0.066326;0.0663634;0.0556476;0.0626999
2021-02-15T00:00:00.0000000Z;2021-02-16T00:00:00.0000000Z;2021-02-15T00:01:00.0000000Z;2021-02-15T23:59:00.0000000Z;0.0622121;0.0641;0.0480122;0.0567958
2021-02-16T00:00:00.0000000Z;2021-02-17T00:00:00.0000000Z;2021-02-16T00:01:00.0000000Z;2021-02-16T23:59:00.0000000Z;0.05641994206066021;0.059836006299297605;0.05088946507516632;0.053455378442548614
2021-02-17T00:00:00.0000000Z;2021-02-18T00:00:00.0000000Z;2021-02-17T00:01:00.0000000Z;2021-02-17T23:59:00.0000000Z;0.053661641591268135;0.055287776142562646;0.047751287510530815;0.04955251892041947
2021-02-18T00:00:00.0000000Z;2021-02-19T00:00:00.0000000Z;2021-02-18T00:01:00.0000000Z;2021-02-18T23:59:00.0000000Z;0.04991877140744397;0.0645484678044505;0.04892669538108466;0.05934099009309463
2021-02-19T00:00:00.0000000Z;2021-02-20T00:00:00.0000000Z;2021-02-19T00:01:00.0000000Z;2021-02-19T23:59:00.0000000Z;0.059269797197628635;0.05967015458552636;0.053855195136426455;0.05519118155204466
2021-02-20T00:00:00.0000000Z;2021-02-21T00:00:00.0000000Z;2021-02-20T00:01:00.0000000Z;2021-02-20T23:59:00.0000000Z;0.055156725426557834;0.06064387997414137;0.05153732714546784;0.05432748435159601
2021-02-21T00:00:00.0000000Z;2021-02-22T00:00:00.0000000Z;2021-02-21T00:01:00.0000000Z;2021-02-21T23:59:00.0000000Z;0.0541059;0.0597247;0.0534183;0.0557997
2021-02-22T00:00:00.0000000Z;2021-02-23T00:00:00.0000000Z;2021-02-22T00:01:00.0000000Z;2021-02-22T23:59:00.0000000Z;0.0561983;0.0606243;0.0482;0.0537282
2021-02-23T00:00:00.0000000Z;2021-02-24T00:00:00.0000000Z;2021-02-23T00:01:00.0000000Z;2021-02-23T23:59:00.0000000Z;0.05385644093276929;0.05385644093276929;0.04151228570288573;0.047689190643386135
2021-02-24T00:00:00.0000000Z;2021-02-25T00:00:00.0000000Z;2021-02-24T00:01:00.0000000Z;2021-02-24T23:59:00.0000000Z;0.04787415616700155;0.06055298031690291;0.046211354823461684;0.05664548480125205
2021-02-25T00:00:00.0000000Z;2021-02-26T00:00:00.0000000Z;2021-02-25T00:01:00.0000000Z;2021-02-25T23:59:00.0000000Z;0.057309803420760745;0.05838792262692573;0.050032687228953376;0.05014983598032431
2021-02-26T00:00:00.0000000Z;2021-02-27T00:00:00.0000000Z;2021-02-26T00:01:00.0000000Z;2021-02-26T23:59:00.0000000Z;0.04991301428015275;0.05257866733834747;0.04852819900892338;0.05047626882546355
2021-02-27T00:00:00.0000000Z;2021-02-28T00:00:00.0000000Z;2021-02-27T00:01:00.0000000Z;2021-02-27T23:59:00.0000000Z;0.050515489487881725;0.05196472131599178;0.04921221456091111;0.05012574640872967
2021-02-28T00:00:00.0000000Z;2021-03-01T00:00:00.0000000Z;2021-02-28T00:01:00.0000000Z;2021-02-28T23:59:00.0000000Z;0.04998753262881997;0.050169514099353614;0.044888018844866616;0.048100923424840424
2021-03-01T00:00:00.0000000Z;2021-03-02T00:00:00.0000000Z;2021-03-01T00:01:00.0000000Z;2021-03-01T23:59:00.0000000Z;0.048367740367006765;0.05227828837685639;0.047924480646366764;0.05062209436030066
2021-03-02T00:00:00.0000000Z;2021-03-03T00:00:00.0000000Z;2021-03-02T00:01:00.0000000Z;2021-03-02T23:59:00.0000000Z;0.05060994392897607;0.05302301596171086;0.049160009117537054;0.050310460659760074
2021-03-03T00:00:00.0000000Z;2021-03-04T00:00:00.0000000Z;2021-03-03T00:01:00.0000000Z;2021-03-03T23:59:00.0000000Z;0.05027078609461719;0.05221332878581634;0.05009072775458412;0.050509685091151356
2021-03-04T00:00:00.0000000Z;2021-03-05T00:00:00.0000000Z;2021-03-04T00:01:00.0000000Z;2021-03-04T23:59:00.0000000Z;0.050326608075140694;0.051205934887215324;0.04768413355095675;0.05002900679295856
2021-03-05T00:00:00.0000000Z;2021-03-06T00:00:00.0000000Z;2021-03-05T00:01:00.0000000Z;2021-03-05T23:59:00.0000000Z;0.04992186392699076;0.051014974740994146;0.04811011995641538;0.04966840731139489
2021-03-06T00:00:00.0000000Z;2021-03-07T00:00:00.0000000Z;2021-03-06T00:01:00.0000000Z;2021-03-06T23:59:00.0000000Z;0.049656474316953046;0.05253012952284295;0.049187928543643435;0.05098325975451231
2021-03-07T00:00:00.0000000Z;2021-03-08T00:00:00.0000000Z;2021-03-07T00:01:00.0000000Z;2021-03-07T23:59:00.0000000Z;0.05101489990466445;0.052289581713248975;0.05024206076900862;0.05213052106568034
2021-03-08T00:00:00.0000000Z;2021-03-09T00:00:00.0000000Z;2021-03-08T00:01:00.0000000Z;2021-03-08T23:59:00.0000000Z;0.0521049;0.0625;0.0515917;0.0625
2021-03-09T00:00:00.0000000Z;2021-03-10T00:00:00.0000000Z;2021-03-09T00:01:00.0000000Z;2021-03-09T23:59:00.0000000Z;0.06198737958139991;0.06198737958139991;0.056012962066810244;0.058134820850740204
2021-03-10T00:00:00.0000000Z;2021-03-11T00:00:00.0000000Z;2021-03-10T00:01:00.0000000Z;2021-03-10T23:59:00.0000000Z;0.057883477528855996;0.05896280589607345;0.05435542397138079;0.05639859049134469
2021-03-11T00:00:00.0000000Z;2021-03-12T00:00:00.0000000Z;2021-03-11T00:01:00.0000000Z;2021-03-11T23:59:00.0000000Z;0.055982420755104595;0.05688964334972294;0.05440199812076684;0.05590974830711634
2021-03-12T00:00:00.0000000Z;2021-03-13T00:00:00.0000000Z;2021-03-12T00:01:00.0000000Z;2021-03-12T23:59:00.0000000Z;0.055948644135400315;0.056976091170171356;0.05432374726543249;0.05524562212305279
2021-03-13T00:00:00.0000000Z;2021-03-14T00:00:00.0000000Z;2021-03-13T00:01:00.0000000Z;2021-03-13T23:59:00.0000000Z;0.055181559241672166;0.06290694513359021;0.054710083893861616;0.06290694513359021
2021-03-14T00:00:00.0000000Z;2021-03-15T00:00:00.0000000Z;2021-03-14T00:01:00.0000000Z;2021-03-14T23:59:00.0000000Z;0.06167629940987402;0.06339377071461856;0.05841932342075321;0.05853610901567391
2021-03-15T00:00:00.0000000Z;2021-03-16T00:00:00.0000000Z;2021-03-15T00:01:00.0000000Z;2021-03-15T23:59:00.0000000Z;0.05837703415010114;0.05970177079771717;0.05500690371729123;0.056970925648566775
2021-03-16T00:00:00.0000000Z;2021-03-17T00:00:00.0000000Z;2021-03-16T00:01:00.0000000Z;2021-03-16T23:59:00.0000000Z;0.05699052016823427;0.059143831310999186;0.05532324436394383;0.0584907592340958
2021-03-17T00:00:00.0000000Z;2021-03-18T00:00:00.0000000Z;2021-03-17T00:01:00.0000000Z;2021-03-17T23:59:00.0000000Z;0.05884279394075562;0.05896125386497776;0.0565832569103726;0.0580062141381302
2021-03-18T00:00:00.0000000Z;2021-03-19T00:00:00.0000000Z;2021-03-18T00:01:00.0000000Z;2021-03-18T23:59:00.0000000Z;0.05819056011115507;0.059217282080046584;0.05691151634511651;0.057260333134908886
2021-03-19T00:00:00.0000000Z;2021-03-20T00:00:00.0000000Z;2021-03-19T00:01:00.0000000Z;2021-03-19T23:59:00.0000000Z;0.05724267704644242;0.05985524559708261;0.05638288026227023;0.05838149393055742
2021-03-20T00:00:00.0000000Z;2021-03-21T00:00:00.0000000Z;2021-03-20T00:01:00.0000000Z;2021-03-20T23:59:00.0000000Z;0.058446856151167875;0.0608634143077283;0.05798492036379771;0.05886814100844634
2021-03-21T00:00:00.0000000Z;2021-03-22T00:00:00.0000000Z;2021-03-21T00:01:00.0000000Z;2021-03-21T23:59:00.0000000Z;0.05879109044579285;0.059931751000172874;0.05664662715125573;0.057536569786924334
2021-03-22T00:00:00.0000000Z;2021-03-23T00:00:00.0000000Z;2021-03-22T00:01:00.0000000Z;2021-03-22T23:59:00.0000000Z;0.05732152471612334;0.05804856608622503;0.05489266285834635;0.0549662475889789
2021-03-23T00:00:00.0000000Z;2021-03-24T00:00:00.0000000Z;2021-03-23T00:00:00.0000000Z;2021-03-23T00:00:00.0000000Z;0.0549662475889789;0.0549662475889789;0.0549662475889789;0.0549662475889789
2021-03-24T00:00:00.0000000Z;2021-03-25T00:00:00.0000000Z;2021-03-24T00:01:00.0000000Z;2021-03-24T23:59:00.0000000Z;0.053301027537242945;0.05665174953035572;0.0508633532832852;0.051543568478480246
2021-03-25T00:00:00.0000000Z;2021-03-26T00:00:00.0000000Z;2021-03-25T00:01:00.0000000Z;2021-03-25T23:59:00.0000000Z;0.051477566444843754;0.052423128145263564;0.04963992905970467;0.05131212440327489
2021-03-26T00:00:00.0000000Z;2021-03-27T00:00:00.0000000Z;2021-03-26T00:01:00.0000000Z;2021-03-26T23:59:00.0000000Z;0.051293470349615164;0.0541664378461061;0.051293470349615164;0.05412684125171734
2021-03-27T00:00:00.0000000Z;2021-03-28T00:00:00.0000000Z;2021-03-27T00:01:00.0000000Z;2021-03-27T23:59:00.0000000Z;0.05419156393113845;0.05545877970138065;0.05339426515669633;0.05443599417901524
2021-03-28T00:00:00.0000000Z;2021-03-29T00:00:00.0000000Z;2021-03-28T00:01:00.0000000Z;2021-03-28T23:59:00.0000000Z;0.054523632453006315;0.054946387736872986;0.05266361411394792;0.05363253178852919
2021-03-29T00:00:00.0000000Z;2021-03-30T00:00:00.0000000Z;2021-03-29T00:01:00.0000000Z;2021-03-29T23:59:00.0000000Z;0.05381306333625826;0.054967824257386305;0.05303360804103432;0.05417264016962687
2021-03-30T00:00:00.0000000Z;2021-03-31T00:00:00.0000000Z;2021-03-30T00:01:00.0000000Z;2021-03-30T23:59:00.0000000Z;0.05414189529222124;0.05568736316175852;0.053628323699850475;0.05415839636811087
2021-03-31T00:00:00.0000000Z;2021-04-01T00:00:00.0000000Z;2021-03-31T00:01:00.0000000Z;2021-03-31T23:59:00.0000000Z;0.05410313572810639;0.05488931579596912;0.051686059684829776;0.05383259565408464
2021-04-01T00:00:00.0000000Z;2021-04-02T00:00:00.0000000Z;2021-04-01T00:01:00.0000000Z;2021-04-01T23:59:00.0000000Z;0.05397537057228918;0.07064971860901312;0.053725091959824424;0.062152757585241206
2021-04-02T00:00:00.0000000Z;2021-04-03T00:00:00.0000000Z;2021-04-02T00:01:00.0000000Z;2021-04-02T23:59:00.0000000Z;0.06227576995871353;0.06240533881163816;0.057253397847401126;0.05753877583563218
2021-04-03T00:00:00.0000000Z;2021-04-04T00:00:00.0000000Z;2021-04-03T00:01:00.0000000Z;2021-04-03T23:59:00.0000000Z;0.05777847225005739;0.059624264605566885;0.05558220351755879;0.05558220351755879
2021-04-04T00:00:00.0000000Z;2021-04-05T00:00:00.0000000Z;2021-04-04T00:01:00.0000000Z;2021-04-04T23:59:00.0000000Z;0.05526;0.0581447;0.0551297;0.0575435
2021-04-05T00:00:00.0000000Z;2021-04-06T00:00:00.0000000Z;2021-04-05T00:01:00.0000000Z;2021-04-05T23:59:00.0000000Z;0.05739860436380758;0.060505396655740694;0.0559520405371346;0.06008321217885942
2021-04-06T00:00:00.0000000Z;2021-04-07T00:00:00.0000000Z;2021-04-06T00:01:00.0000000Z;2021-04-06T23:59:00.0000000Z;0.059996589664506224;0.06530329720053665;0.05814300480988229;0.06438139176093297
2021-04-07T00:00:00.0000000Z;2021-04-08T00:00:00.0000000Z;2021-04-07T00:01:00.0000000Z;2021-04-07T23:59:00.0000000Z;0.06467945109723061;0.06743872341638221;0.057634477122155636;0.059003635139803425
2021-04-08T00:00:00.0000000Z;2021-04-09T00:00:00.0000000Z;2021-04-08T00:01:00.0000000Z;2021-04-08T23:59:00.0000000Z;0.059122594780997136;0.06376074082174953;0.0587359738716334;0.06192622000590631
2021-04-09T00:00:00.0000000Z;2021-04-10T00:00:00.0000000Z;2021-04-09T00:01:00.0000000Z;2021-04-09T23:59:00.0000000Z;0.061859678003441186;0.06423644677024393;0.06045078802560771;0.061600992235097386
2021-04-10T00:00:00.0000000Z;2021-04-11T00:00:00.0000000Z;2021-04-10T00:01:00.0000000Z;2021-04-10T23:59:00.0000000Z;0.0615528;0.06517835097071883;0.0609987;0.06381624611498474
2021-04-11T00:00:00.0000000Z;2021-04-12T00:00:00.0000000Z;2021-04-11T00:01:00.0000000Z;2021-04-11T23:59:00.0000000Z;0.06392963400105538;0.07968070475024337;0.06339498049852686;0.07451906717515741
2021-04-12T00:00:00.0000000Z;2021-04-13T00:00:00.0000000Z;2021-04-12T00:01:00.0000000Z;2021-04-12T23:59:00.0000000Z;0.07379885376767113;0.0753128024674872;0.06875570066676667;0.07085171024299902
2021-04-13T00:00:00.0000000Z;2021-04-14T00:00:00.0000000Z;2021-04-13T00:01:00.0000000Z;2021-04-13T23:59:00.0000000Z;0.07089131074772988;0.09537198623509224;0.07082439878906542;0.09350644816042869
2021-04-14T00:00:00.0000000Z;2021-04-15T00:00:00.0000000Z;2021-04-14T00:01:00.0000000Z;2021-04-14T23:59:00.0000000Z;0.0956426529528473;0.14461014162780736;0.0924784272212314;0.12165544504128886
2021-04-15T00:00:00.0000000Z;2021-04-16T00:00:00.0000000Z;2021-04-15T00:01:00.0000000Z;2021-04-15T23:59:00.0000000Z;0.12145849541874443;0.19145790520732828;0.12045337733619546;0.183147795859041
2021-04-16T00:00:00.0000000Z;2021-04-17T00:00:00.0000000Z;2021-04-16T00:01:00.0000000Z;2021-04-16T23:59:00.0000000Z;0.1858964;0.4549744;0.1808511;0.3653599
2021-04-17T00:00:00.0000000Z;2021-04-18T00:00:00.0000000Z;2021-04-17T00:01:00.0000000Z;2021-04-17T23:59:00.0000000Z;0.3572662196258343;0.38088035377789053;0.2312199111863194;0.28285311004131297
2021-04-18T00:00:00.0000000Z;2021-04-19T00:00:00.0000000Z;2021-04-18T00:01:00.0000000Z;2021-04-18T23:59:00.0000000Z;0.2886141748493554;0.3513417918777907;0.2508015278446768;0.32486040308433983
2021-04-19T00:00:00.0000000Z;2021-04-20T00:00:00.0000000Z;2021-04-19T00:01:00.0000000Z;2021-04-19T23:59:00.0000000Z;0.326196;0.4349794;0.310002;0.4080448
2021-04-20T00:00:00.0000000Z;2021-04-21T00:00:00.0000000Z;2021-04-20T00:01:00.0000000Z;2021-04-20T23:59:00.0000000Z;0.4131484838729063;0.4233530242044797;0.27354710456030135;0.31978415616722383
2021-04-21T00:00:00.0000000Z;2021-04-22T00:00:00.0000000Z;2021-04-21T00:01:00.0000000Z;2021-04-21T23:59:00.0000000Z;0.31652562046161853;0.3478301612858646;0.29658109354025847;0.3072290876237703
2021-04-22T00:00:00.0000000Z;2021-04-23T00:00:00.0000000Z;2021-04-22T00:01:00.0000000Z;2021-04-22T23:59:00.0000000Z;0.30772444823808176;0.3092296062814924;0.2558177602233702;0.263824801717203
2021-04-23T00:00:00.0000000Z;2021-04-24T00:00:00.0000000Z;2021-04-23T00:01:00.0000000Z;2021-04-23T23:59:00.0000000Z;0.2604756717405665;0.26927615490545126;0.1770587080329311;0.249341765104716
2021-04-24T00:00:00.0000000Z;2021-04-25T00:00:00.0000000Z;2021-04-24T00:01:00.0000000Z;2021-04-24T23:59:00.0000000Z;0.24999668859217092;0.28989197570211145;0.2288133898589736;0.2705337753645209
2021-04-25T00:00:00.0000000Z;2021-04-26T00:00:00.0000000Z;2021-04-25T00:01:00.0000000Z;2021-04-25T23:59:00.0000000Z;0.26993517441994025;0.29003708627487845;0.2283282706322125;0.2525487321687939
2021-04-26T00:00:00.0000000Z;2021-04-27T00:00:00.0000000Z;2021-04-26T00:01:00.0000000Z;2021-04-26T23:59:00.0000000Z;0.25258021652576734;0.28028445837154486;0.24778807989532756;0.2709798294359534
2021-04-27T00:00:00.0000000Z;2021-04-28T00:00:00.0000000Z;2021-04-27T00:01:00.0000000Z;2021-04-27T23:59:00.0000000Z;0.2719702618588856;0.279856400765885;0.26544528769422315;0.2722662099460212
2021-04-28T00:00:00.0000000Z;2021-04-29T00:00:00.0000000Z;2021-04-28T00:01:00.0000000Z;2021-04-28T23:59:00.0000000Z;0.2730052891386013;0.3414506271682393;0.2569622460395486;0.3238429155582837
2021-04-29T00:00:00.0000000Z;2021-04-30T00:00:00.0000000Z;2021-04-29T00:01:00.0000000Z;2021-04-29T23:59:00.0000000Z;0.3201902346771138;0.32457830754252365;0.2967584460016138;0.30536567629874284
2021-04-30T00:00:00.0000000Z;2021-05-01T00:00:00.0000000Z;2021-04-30T00:01:00.0000000Z;2021-04-30T23:59:00.0000000Z;0.3059354933933443;0.34039401193432317;0.3031399101222839;0.33808331151376214
2021-05-01T00:00:00.0000000Z;2021-05-02T00:00:00.0000000Z;2021-05-01T00:01:00.0000000Z;2021-05-01T23:59:00.0000000Z;0.33909;0.3979019;0.3288322;0.3937267
2021-05-02T00:00:00.0000000Z;2021-05-03T00:00:00.0000000Z;2021-05-02T00:01:00.0000000Z;2021-05-02T23:59:00.0000000Z;0.39215309660767106;0.40031898873119587;0.3645697045217645;0.3761932845610656
2021-05-03T00:00:00.0000000Z;2021-05-04T00:00:00.0000000Z;2021-05-03T00:01:00.0000000Z;2021-05-03T23:59:00.0000000Z;0.3757002375787996;0.44613603836574073;0.3757002375787996;0.4413711238249766
2021-05-04T00:00:00.0000000Z;2021-05-05T00:00:00.0000000Z;2021-05-04T00:01:00.0000000Z;2021-05-04T23:59:00.0000000Z;0.4465244;0.607;0.4;0.5426729
2021-05-05T00:00:00.0000000Z;2021-05-06T00:00:00.0000000Z;2021-05-05T00:01:00.0000000Z;2021-05-05T23:59:00.0000000Z;0.5368573559331079;0.6952985571926443;0.5250961794311998;0.6579847914878735
2021-05-06T00:00:00.0000000Z;2021-05-07T00:00:00.0000000Z;2021-05-06T00:01:00.0000000Z;2021-05-06T23:59:00.0000000Z;0.6591803249726961;0.6646125497052623;0.5437415749360107;0.581346690759162
2021-05-07T00:00:00.0000000Z;2021-05-08T00:00:00.0000000Z;2021-05-07T00:01:00.0000000Z;2021-05-07T23:59:00.0000000Z;0.586263735083225;0.7326320822097868;0.5210208480256363;0.6852431088776736
2021-05-08T00:00:00.0000000Z;2021-05-09T00:00:00.0000000Z;2021-05-08T00:01:00.0000000Z;2021-05-08T23:59:00.0000000Z;0.6850641707250025;0.738990986904781;0.612858484768855;0.6374911519321228
2021-05-09T00:00:00.0000000Z;2021-05-10T00:00:00.0000000Z;2021-05-09T00:01:00.0000000Z;2021-05-09T23:59:00.0000000Z;0.6385877752342047;0.6990168122727782;0.42178026890297293;0.5693176873059707
2021-05-10T00:00:00.0000000Z;2021-05-11T00:00:00.0000000Z;2021-05-10T00:01:00.0000000Z;2021-05-10T23:59:00.0000000Z;0.5649301878758647;0.5680822311101138;0.4252064398163071;0.45041050670262245
2021-05-11T00:00:00.0000000Z;2021-05-12T00:00:00.0000000Z;2021-05-11T00:01:00.0000000Z;2021-05-11T23:59:00.0000000Z;0.4544535056405796;0.5461519452531611;0.4455014305517178;0.4959934046609206
2021-05-12T00:00:00.0000000Z;2021-05-13T00:00:00.0000000Z;2021-05-12T00:01:00.0000000Z;2021-05-12T23:59:00.0000000Z;0.494478625521167;0.5299673170281758;0.3823769576238847;0.3823769576238847
2021-05-13T00:00:00.0000000Z;2021-05-14T00:00:00.0000000Z;2021-05-13T00:01:00.0000000Z;2021-05-13T23:59:00.0000000Z;0.3997806205519387;0.5193901175152291;0.3574964147167294;0.4897378753761181
2021-05-14T00:00:00.0000000Z;2021-05-15T00:00:00.0000000Z;2021-05-14T00:01:00.0000000Z;2021-05-14T23:59:00.0000000Z;0.48896644693284197;0.5909085707634341;0.4658548673836641;0.561693892300067
2021-05-15T00:00:00.0000000Z;2021-05-16T00:00:00.0000000Z;2021-05-15T00:01:00.0000000Z;2021-05-15T23:59:00.0000000Z;0.5576155047508099;0.5628891752099451;0.4914558678266803;0.50822
2021-05-16T00:00:00.0000000Z;2021-05-17T00:00:00.0000000Z;2021-05-16T00:01:00.0000000Z;2021-05-16T23:59:00.0000000Z;0.5103127854208557;0.5486121909879121;0.45036969779089847;0.5152659132175492
2021-05-17T00:00:00.0000000Z;2021-05-18T00:00:00.0000000Z;2021-05-17T00:01:00.0000000Z;2021-05-17T23:59:00.0000000Z;0.5144659102019942;0.5171202271578221;0.4601622568543643;0.4891183824721369
2021-05-18T00:00:00.0000000Z;2021-05-19T00:00:00.0000000Z;2021-05-18T00:01:00.0000000Z;2021-05-18T23:59:00.0000000Z;0.488196834978631;0.516291593897982;0.4711620841900396;0.4770237153718076
2021-05-19T00:00:00.0000000Z;2021-05-20T00:00:00.0000000Z;2021-05-19T00:01:00.0000000Z;2021-05-19T23:59:00.0000000Z;0.4774043223421034;0.47949152781737353;0.21926135308805872;0.33282196031202166
2021-05-20T00:00:00.0000000Z;2021-05-21T00:00:00.0000000Z;2021-05-20T00:01:00.0000000Z;2021-05-20T23:59:00.0000000Z;0.3361922421266044;0.4359470384945944;0.29787057235162373;0.4008078465537397
2021-05-21T00:00:00.0000000Z;2021-05-22T00:00:00.0000000Z;2021-05-21T00:01:00.0000000Z;2021-05-21T23:59:00.0000000Z;0.3997919499926084;0.4126179980804093;0.31621168538066974;0.3620256196781684
2021-05-22T00:00:00.0000000Z;2021-05-23T00:00:00.0000000Z;2021-05-22T00:01:00.0000000Z;2021-05-22T23:59:00.0000000Z;0.3600719984313617;0.36436982733136525;0.32157905792132535;0.34188831216440574
2021-05-23T00:00:00.0000000Z;2021-05-24T00:00:00.0000000Z;2021-05-23T00:01:00.0000000Z;2021-05-23T23:59:00.0000000Z;0.3405836885214529;0.35056809903801617;0.24986326303587045;0.3086769429905844
2021-05-24T00:00:00.0000000Z;2021-05-25T00:00:00.0000000Z;2021-05-24T00:01:00.0000000Z;2021-05-24T23:59:00.0000000Z;0.308819475185429;0.3750602374075205;0.29634146547866036;0.36690692452433743
2021-05-25T00:00:00.0000000Z;2021-05-26T00:00:00.0000000Z;2021-05-25T00:01:00.0000000Z;2021-05-25T23:59:00.0000000Z;0.3637204704805957;0.37999096490681844;0.323781711871679;0.34724356691717617
2021-05-26T00:00:00.0000000Z;2021-05-27T00:00:00.0000000Z;2021-05-26T00:01:00.0000000Z;2021-05-26T23:59:00.0000000Z;0.347852074981006;0.36578231730818356;0.33815332104160606;0.35352541622154554
2021-05-27T00:00:00.0000000Z;2021-05-28T00:00:00.0000000Z;2021-05-27T00:01:00.0000000Z;2021-05-27T23:59:00.0000000Z;0.3530842322068422;0.3533629722322868;0.32918909812656655;0.33281514652306154
2021-05-28T00:00:00.0000000Z;2021-05-29T00:00:00.0000000Z;2021-05-28T00:01:00.0000000Z;2021-05-28T23:59:00.0000000Z;0.332196524385882;0.34810283475838233;0.30179189171952564;0.3114042798870543
2021-05-29T00:00:00.0000000Z;2021-05-30T00:00:00.0000000Z;2021-05-29T00:01:00.0000000Z;2021-05-29T23:59:00.0000000Z;0.31123115707013016;0.317957378266846;0.28081456713953573;0.30349766464072314
2021-05-30T00:00:00.0000000Z;2021-05-31T00:00:00.0000000Z;2021-05-30T00:01:00.0000000Z;2021-05-30T23:59:00.0000000Z;0.3025834171926167;0.3101455442928948;0.2878046197663495;0.30263551866882576
2021-05-31T00:00:00.0000000Z;2021-06-01T00:00:00.0000000Z;2021-05-31T00:01:00.0000000Z;2021-05-31T23:59:00.0000000Z;0.30149614464596014;0.32966295591658157;0.29501553556902593;0.32608665477310134
2021-06-01T00:00:00.0000000Z;2021-06-02T00:00:00.0000000Z;2021-06-01T00:01:00.0000000Z;2021-06-01T23:59:00.0000000Z;0.3244060224203404;0.3825770832668014;0.31142466065469004;0.369950699996087
2021-06-02T00:00:00.0000000Z;2021-06-03T00:00:00.0000000Z;2021-06-02T00:01:00.0000000Z;2021-06-02T23:59:00.0000000Z;0.37072119717970986;0.4444623075343861;0.3522114983590095;0.42345408787662925
2021-06-03T00:00:00.0000000Z;2021-06-04T00:00:00.0000000Z;2021-06-03T00:01:00.0000000Z;2021-06-03T23:59:00.0000000Z;0.4238396509724524;0.44104531461783414;0.3776995201743752;0.3998701970675085
2021-06-04T00:00:00.0000000Z;2021-06-05T00:00:00.0000000Z;2021-06-04T00:01:00.0000000Z;2021-06-04T23:59:00.0000000Z;0.39895735828020473;0.3995921671745224;0.3505721516339702;0.3765682563546495
2021-06-05T00:00:00.0000000Z;2021-06-06T00:00:00.0000000Z;2021-06-05T00:01:00.0000000Z;2021-06-05T23:59:00.0000000Z;0.37682500539482167;0.3936279253437381;0.36404116396983727;0.37183672270200574
2021-06-06T00:00:00.0000000Z;2021-06-07T00:00:00.0000000Z;2021-06-06T00:01:00.0000000Z;2021-06-06T23:59:00.0000000Z;0.37164084368581873;0.37670329236493766;0.36732960055879094;0.3715402707354842
2021-06-07T00:00:00.0000000Z;2021-06-08T00:00:00.0000000Z;2021-06-07T00:01:00.0000000Z;2021-06-07T23:59:00.0000000Z;0.37171455380025487;0.37962166928785995;0.3295371739031657;0.33090429003564226
2021-06-08T00:00:00.0000000Z;2021-06-09T00:00:00.0000000Z;2021-06-08T00:01:00.0000000Z;2021-06-08T23:59:00.0000000Z;0.33373654640470823;0.3416048291649582;0.2969939560116745;0.3274095570742613
2021-06-09T00:00:00.0000000Z;2021-06-10T00:00:00.0000000Z;2021-06-09T00:01:00.0000000Z;2021-06-09T23:59:00.0000000Z;0.3268877711388575;0.3537304251689464;0.3129121771036008;0.343326307047143
2021-06-10T00:00:00.0000000Z;2021-06-11T00:00:00.0000000Z;2021-06-10T00:01:00.0000000Z;2021-06-10T23:59:00.0000000Z;0.34317284257137565;0.34424628302712384;0.323068358385267;0.3262565124067181
2021-06-11T00:00:00.0000000Z;2021-06-12T00:00:00.0000000Z;2021-06-11T00:01:00.0000000Z;2021-06-11T23:59:00.0000000Z;0.3261896284707454;0.3332792065820132;0.31163431319216767;0.31900039820539416
2021-06-12T00:00:00.0000000Z;2021-06-13T00:00:00.0000000Z;2021-06-12T00:01:00.0000000Z;2021-06-12T23:59:00.0000000Z;0.31787532585558753;0.31928559988106425;0.30156014243154994;0.31184591833630354
2021-06-13T00:00:00.0000000Z;2021-06-14T00:00:00.0000000Z;2021-06-13T00:01:00.0000000Z;2021-06-13T23:59:00.0000000Z;0.31224131387738174;0.329901584263539;0.3079442711201257;0.32439093020017606
2021-06-14T00:00:00.0000000Z;2021-06-15T00:00:00.0000000Z;2021-06-14T00:01:00.0000000Z;2021-06-14T23:59:00.0000000Z;0.3248639873546001;0.33750106975565863;0.32014004905978183;0.3277527132744357
2021-06-15T00:00:00.0000000Z;2021-06-16T00:00:00.0000000Z;2021-06-15T00:01:00.0000000Z;2021-06-15T23:59:00.0000000Z;0.3277167343891173;0.33029957735041904;0.3170041147932901;0.32045587584991075
2021-06-16T00:00:00.0000000Z;2021-06-17T00:00:00.0000000Z;2021-06-16T00:01:00.0000000Z;2021-06-16T23:59:00.0000000Z;0.3195151871305785;0.3212671725656625;0.3051940109727094;0.3075797386966069
2021-06-17T00:00:00.0000000Z;2021-06-18T00:00:00.0000000Z;2021-06-17T00:01:00.0000000Z;2021-06-17T23:59:00.0000000Z;0.3082122780740811;0.3138961744862581;0.3031917885020808;0.30627898224777705
2021-06-18T00:00:00.0000000Z;2021-06-19T00:00:00.0000000Z;2021-06-18T00:01:00.0000000Z;2021-06-18T23:59:00.0000000Z;0.3058946256644711;0.30756212737061545;0.28019520473688697;0.2930349286235636
2021-06-19T00:00:00.0000000Z;2021-06-20T00:00:00.0000000Z;2021-06-19T00:01:00.0000000Z;2021-06-19T23:59:00.0000000Z;0.2925572175453893;0.29735770523037375;0.2860745232165719;0.28667051847041786
2021-06-20T00:00:00.0000000Z;2021-06-21T00:00:00.0000000Z;2021-06-20T00:01:00.0000000Z;2021-06-20T23:59:00.0000000Z;0.2853419839143691;0.289489300153591;0.2560250395193779;0.2805140164679168
2021-06-21T00:00:00.0000000Z;2021-06-22T00:00:00.0000000Z;2021-06-21T00:01:00.0000000Z;2021-06-21T23:59:00.0000000Z;0.280135087274353;0.2806362929187093;0.16682920556143777;0.17908772640696302
2021-06-22T00:00:00.0000000Z;2021-06-23T00:00:00.0000000Z;2021-06-22T00:01:00.0000000Z;2021-06-22T23:59:00.0000000Z;0.18003401327290608;0.21610123036833773;0.1648022245820178;0.1908660766984956
2021-06-23T00:00:00.0000000Z;2021-06-24T00:00:00.0000000Z;2021-06-23T00:01:00.0000000Z;2021-06-23T23:59:00.0000000Z;0.19001621042188852;0.24778910980838542;0.18091325351641618;0.23513235223656878
2021-06-24T00:00:00.0000000Z;2021-06-25T00:00:00.0000000Z;2021-06-24T00:01:00.0000000Z;2021-06-24T23:59:00.0000000Z;0.2341601371740355;0.2691300909465191;0.22262663079554143;0.26296591117729484
2021-06-25T00:00:00.0000000Z;2021-06-26T00:00:00.0000000Z;2021-06-25T00:01:00.0000000Z;2021-06-25T23:59:00.0000000Z;0.26572197562782846;0.2890831004674398;0.230001631536643;0.2390424618750122
2021-06-26T00:00:00.0000000Z;2021-06-27T00:00:00.0000000Z;2021-06-26T00:01:00.0000000Z;2021-06-26T23:59:00.0000000Z;0.2383807939843003;0.2550566776464795;0.2310724936359985;0.24423972760950866
2021-06-27T00:00:00.0000000Z;2021-06-28T00:00:00.0000000Z;2021-06-27T00:01:00.0000000Z;2021-06-27T23:59:00.0000000Z;0.24571616339074678;0.2669744107106659;0.24039648218686432;0.2642247193501577
2021-06-28T00:00:00.0000000Z;2021-06-29T00:00:00.0000000Z;2021-06-28T00:01:00.0000000Z;2021-06-28T23:59:00.0000000Z;0.26343523348135567;0.26663453693577904;0.25081400350064315;0.25706240188186075
2021-06-29T00:00:00.0000000Z;2021-06-30T00:00:00.0000000Z;2021-06-29T00:01:00.0000000Z;2021-06-29T23:59:00.0000000Z;0.2571120031841833;0.274936136199378;0.2526811218251548;0.2627414977827199
2021-06-30T00:00:00.0000000Z;2021-07-01T00:00:00.0000000Z;2021-06-30T00:01:00.0000000Z;2021-06-30T23:59:00.0000000Z;0.2636082078720036;0.2636082078720036;0.23800436688536303;0.2541298366854671
2021-07-01T00:00:00.0000000Z;2021-07-02T00:00:00.0000000Z;2021-07-01T00:01:00.0000000Z;2021-07-01T23:59:00.0000000Z;0.2536012916351469;0.260702771924731;0.23861417466187718;0.2445635818998842
2021-07-02T00:00:00.0000000Z;2021-07-03T00:00:00.0000000Z;2021-07-02T00:01:00.0000000Z;2021-07-02T23:59:00.0000000Z;0.24346330229833177;0.24811041127660416;0.2387163026639097;0.24533948631304578
2021-07-03T00:00:00.0000000Z;2021-07-04T00:00:00.0000000Z;2021-07-03T00:01:00.0000000Z;2021-07-03T23:59:00.0000000Z;0.24504955456584857;0.25002152630251434;0.2422503767154918;0.24624071609962683
2021-07-04T00:00:00.0000000Z;2021-07-05T00:00:00.0000000Z;2021-07-04T00:01:00.0000000Z;2021-07-04T23:59:00.0000000Z;0.24609406944961026;0.25247910480972097;0.2436029055100093;0.24663081688287844
2021-07-05T00:00:00.0000000Z;2021-07-06T00:00:00.0000000Z;2021-07-05T00:01:00.0000000Z;2021-07-05T23:59:00.0000000Z;0.24587714293518464;0.24611753959556346;0.22668806029749167;0.23129467771120432
2021-07-06T00:00:00.0000000Z;2021-07-07T00:00:00.0000000Z;2021-07-06T00:01:00.0000000Z;2021-07-06T23:59:00.0000000Z;0.23119385791202943;0.24213462693091825;0.22953025655895595;0.2343532335581818
2021-07-07T00:00:00.0000000Z;2021-07-08T00:00:00.0000000Z;2021-07-07T00:01:00.0000000Z;2021-07-07T23:59:00.0000000Z;0.23410236989324956;0.2381714537100448;0.22257978433974748;0.2240139225361494
2021-07-08T00:00:00.0000000Z;2021-07-09T00:00:00.0000000Z;2021-07-08T00:01:00.0000000Z;2021-07-08T23:59:00.0000000Z;0.223256953408202;0.22476004503576405;0.20277329998585963;0.20743969785740396
2021-07-09T00:00:00.0000000Z;2021-07-10T00:00:00.0000000Z;2021-07-09T00:01:00.0000000Z;2021-07-09T23:59:00.0000000Z;0.20705822212546451;0.22940053988316128;0.19614327879810362;0.2198420137922162
2021-07-10T00:00:00.0000000Z;2021-07-11T00:00:00.0000000Z;2021-07-10T00:01:00.0000000Z;2021-07-10T23:59:00.0000000Z;0.2191435011357531;0.22777550690376036;0.21004237674065176;0.2137818702243925
2021-07-11T00:00:00.0000000Z;2021-07-12T00:00:00.0000000Z;2021-07-11T00:01:00.0000000Z;2021-07-11T23:59:00.0000000Z;0.21408866765761758;0.21883625564579828;0.21078126129601904;0.21572593623153163
2021-07-12T00:00:00.0000000Z;2021-07-13T00:00:00.0000000Z;2021-07-12T00:01:00.0000000Z;2021-07-12T23:59:00.0000000Z;0.21582667172305847;0.21886552672667076;0.20441021794558895;0.20784703230593934
2021-07-13T00:00:00.0000000Z;2021-07-14T00:00:00.0000000Z;2021-07-13T00:01:00.0000000Z;2021-07-13T23:59:00.0000000Z;0.20780026736002524;0.20791365665979628;0.19802552757942868;0.19995132163984225
2021-07-14T00:00:00.0000000Z;2021-07-15T00:00:00.0000000Z;2021-07-14T00:01:00.0000000Z;2021-07-14T23:59:00.0000000Z;0.19987237824339107;0.20449154446145648;0.18753141539879337;0.1971976269703267
2021-07-15T00:00:00.0000000Z;2021-07-16T00:00:00.0000000Z;2021-07-15T00:01:00.0000000Z;2021-07-15T23:59:00.0000000Z;0.1981203792758473;0.2007442182620625;0.18057865926542147;0.1849413944330794
2021-07-16T00:00:00.0000000Z;2021-07-17T00:00:00.0000000Z;2021-07-16T00:01:00.0000000Z;2021-07-16T23:59:00.0000000Z;0.18522029265473855;0.18825509064939072;0.1715023274858967;0.17217010736129648
2021-07-17T00:00:00.0000000Z;2021-07-18T00:00:00.0000000Z;2021-07-17T00:01:00.0000000Z;2021-07-17T23:59:00.0000000Z;0.17207421360349634;0.20765445177738678;0.169155052338829;0.1861885396779428
2021-07-18T00:00:00.0000000Z;2021-07-19T00:00:00.0000000Z;2021-07-18T00:01:00.0000000Z;2021-07-18T23:59:00.0000000Z;0.18656416671116183;0.19597143709537224;0.1806929573651684;0.18200149399409898
2021-07-19T00:00:00.0000000Z;2021-07-20T00:00:00.0000000Z;2021-07-19T00:01:00.0000000Z;2021-07-19T23:59:00.0000000Z;0.1813153476412502;0.1839414351752531;0.17073744259426837;0.17342368133435376
2021-07-20T00:00:00.0000000Z;2021-07-21T00:00:00.0000000Z;2021-07-20T00:01:00.0000000Z;2021-07-20T23:59:00.0000000Z;0.17355116025226566;0.178613770019766;0.16008782684724512;0.17062002253765768
2021-07-21T00:00:00.0000000Z;2021-07-22T00:00:00.0000000Z;2021-07-21T00:01:00.0000000Z;2021-07-21T23:59:00.0000000Z;0.17035196818214296;0.21427468204691574;0.1685592433312224;0.1902103859421145
2021-07-22T00:00:00.0000000Z;2021-07-23T00:00:00.0000000Z;2021-07-22T00:01:00.0000000Z;2021-07-22T23:59:00.0000000Z;0.19015140878675182;0.196278671313952;0.18660677779731352;0.19111055821179151
2021-07-23T00:00:00.0000000Z;2021-07-24T00:00:00.0000000Z;2021-07-23T00:01:00.0000000Z;2021-07-23T23:59:00.0000000Z;0.19146175493610326;0.1993784163395546;0.18331735758176707;0.19482079276454273
2021-07-24T00:00:00.0000000Z;2021-07-25T00:00:00.0000000Z;2021-07-24T00:01:00.0000000Z;2021-07-24T23:59:00.0000000Z;0.1949356522932463;0.2040384819324905;0.19140493805777942;0.19718578339997722
2021-07-25T00:00:00.0000000Z;2021-07-26T00:00:00.0000000Z;2021-07-25T00:01:00.0000000Z;2021-07-25T23:59:00.0000000Z;0.1973556316644876;0.20047091341557527;0.1918060733089707;0.19783435566660856
2021-07-26T00:00:00.0000000Z;2021-07-27T00:00:00.0000000Z;2021-07-26T00:01:00.0000000Z;2021-07-26T23:59:00.0000000Z;0.19774257120451885;0.2326750819876144;0.1971108617104102;0.20430177832673518
2021-07-27T00:00:00.0000000Z;2021-07-28T00:00:00.0000000Z;2021-07-27T00:01:00.0000000Z;2021-07-27T23:59:00.0000000Z;0.20372987247587546;0.2094081111205651;0.1953593844356803;0.20593276041441508
2021-07-28T00:00:00.0000000Z;2021-07-29T00:00:00.0000000Z;2021-07-28T00:01:00.0000000Z;2021-07-28T23:59:00.0000000Z;0.2062268622679824;0.21379180118934377;0.20204727927022723;0.20537850431743793
2021-07-29T00:00:00.0000000Z;2021-07-30T00:00:00.0000000Z;2021-07-29T00:01:00.0000000Z;2021-07-29T23:59:00.0000000Z;0.2059180631662233;0.20660785804744994;0.20057730191050444;0.20447658742073943
2021-07-30T00:00:00.0000000Z;2021-07-31T00:00:00.0000000Z;2021-07-30T00:01:00.0000000Z;2021-07-30T23:59:00.0000000Z;0.20515163884633805;0.21037226716117305;0.19636997226267092;0.20887080121008203
2021-07-31T00:00:00.0000000Z;2021-08-01T00:00:00.0000000Z;2021-07-31T00:01:00.0000000Z;2021-07-31T23:59:00.0000000Z;0.20857417037894926;0.21429436419668602;0.20497252902493576;0.20837084265820277
2021-08-01T00:00:00.0000000Z;2021-08-02T00:00:00.0000000Z;2021-08-01T00:01:00.0000000Z;2021-08-01T23:59:00.0000000Z;0.2074441810695218;0.21765043099616;0.20235490676304788;0.20443106272333228
2021-08-02T00:00:00.0000000Z;2021-08-03T00:00:00.0000000Z;2021-08-02T00:01:00.0000000Z;2021-08-02T23:59:00.0000000Z;0.20408025321441578;0.2098595352521595;0.2019091960137193;0.20341576718035226
2021-08-03T00:00:00.0000000Z;2021-08-04T00:00:00.0000000Z;2021-08-03T00:01:00.0000000Z;2021-08-03T23:59:00.0000000Z;0.20321568233716644;0.2049744325937455;0.193637250919131;0.19582173758615223
2021-08-04T00:00:00.0000000Z;2021-08-05T00:00:00.0000000Z;2021-08-04T00:01:00.0000000Z;2021-08-04T23:59:00.0000000Z;0.19637127790266762;0.2031179427609709;0.1942720653780959;0.20146859809207027
2021-08-05T00:00:00.0000000Z;2021-08-06T00:00:00.0000000Z;2021-08-05T00:01:00.0000000Z;2021-08-05T23:59:00.0000000Z;0.2013890110623131;0.2023077667684763;0.19449917427309346;0.20107099802669914
2021-08-06T00:00:00.0000000Z;2021-08-07T00:00:00.0000000Z;2021-08-06T00:01:00.0000000Z;2021-08-06T23:59:00.0000000Z;0.20121210084426433;0.21178570841056782;0.19859279875996133;0.20471240518821968
2021-08-07T00:00:00.0000000Z;2021-08-08T00:00:00.0000000Z;2021-08-07T00:01:00.0000000Z;2021-08-07T23:59:00.0000000Z;0.2048783489203901;0.2623789964350214;0.2038400205229709;0.26035279446391435
2021-08-08T00:00:00.0000000Z;2021-08-09T00:00:00.0000000Z;2021-08-08T00:01:00.0000000Z;2021-08-08T23:59:00.0000000Z;0.26546196260252775;0.28200081899088464;0.2351222431837841;0.2400205408496945
2021-08-09T00:00:00.0000000Z;2021-08-10T00:00:00.0000000Z;2021-08-09T00:01:00.0000000Z;2021-08-09T23:59:00.0000000Z;0.24099622137225066;0.2661094881076425;0.23118502745514038;0.25673410283719594
2021-08-10T00:00:00.0000000Z;2021-08-11T00:00:00.0000000Z;2021-08-10T00:01:00.0000000Z;2021-08-10T23:59:00.0000000Z;0.2554861210011276;0.26282995532758713;0.24557557969949628;0.25732893892566816
2021-08-11T00:00:00.0000000Z;2021-08-12T00:00:00.0000000Z;2021-08-11T00:01:00.0000000Z;2021-08-11T23:59:00.0000000Z;0.25788050330683615;0.28244851686220157;0.25645120570125335;0.26506734097068735
2021-08-12T00:00:00.0000000Z;2021-08-13T00:00:00.0000000Z;2021-08-12T00:01:00.0000000Z;2021-08-12T23:59:00.0000000Z;0.26367353731944815;0.29428180928046127;0.25191184630281793;0.2637695011632908
2021-08-13T00:00:00.0000000Z;2021-08-14T00:00:00.0000000Z;2021-08-13T00:01:00.0000000Z;2021-08-13T23:59:00.0000000Z;0.26486808210467155;0.2874219962169363;0.26217788497543987;0.2869766013715629
2021-08-14T00:00:00.0000000Z;2021-08-15T00:00:00.0000000Z;2021-08-14T00:01:00.0000000Z;2021-08-14T23:59:00.0000000Z;0.2857296106366039;0.29860206588547616;0.2770593429141929;0.29306032890947853
2021-08-15T00:00:00.0000000Z;2021-08-16T00:00:00.0000000Z;2021-08-15T00:01:00.0000000Z;2021-08-15T23:59:00.0000000Z;0.2951413712031279;0.3498252949007678;0.28761698774134375;0.34082209982765044
2021-08-16T00:00:00.0000000Z;2021-08-17T00:00:00.0000000Z;2021-08-16T00:01:00.0000000Z;2021-08-16T23:59:00.0000000Z;0.34282066085407464;0.35116272289534317;0.31057558319883793;0.3206452631179816
2021-08-17T00:00:00.0000000Z;2021-08-18T00:00:00.0000000Z;2021-08-17T00:01:00.0000000Z;2021-08-17T23:59:00.0000000Z;0.3202422352610464;0.33952428515258654;0.2960730776398094;0.2994183638337236
2021-08-18T00:00:00.0000000Z;2021-08-19T00:00:00.0000000Z;2021-08-18T00:01:00.0000000Z;2021-08-18T23:59:00.0000000Z;0.30063263183110567;0.32450997729336506;0.2813298094114256;0.3034165191060214
2021-08-19T00:00:00.0000000Z;2021-08-20T00:00:00.0000000Z;2021-08-19T00:01:00.0000000Z;2021-08-19T23:59:00.0000000Z;0.30419983069173356;0.3191290239805284;0.294554090769546;0.31721226990151424
2021-08-20T00:00:00.0000000Z;2021-08-21T00:00:00.0000000Z;2021-08-20T00:01:00.0000000Z;2021-08-20T23:59:00.0000000Z;0.31666169265930155;0.33305047590510106;0.31376713698394215;0.32742549106796537
2021-08-21T00:00:00.0000000Z;2021-08-22T00:00:00.0000000Z;2021-08-21T00:01:00.0000000Z;2021-08-21T23:59:00.0000000Z;0.3268090927947784;0.3295089625317822;0.31490189850053135;0.3169750028456865
2021-08-22T00:00:00.0000000Z;2021-08-23T00:00:00.0000000Z;2021-08-22T00:01:00.0000000Z;2021-08-22T23:59:00.0000000Z;0.317238928459027;0.3215985685113937;0.3060254829375739;0.3149498959368017
2021-08-23T00:00:00.0000000Z;2021-08-24T00:00:00.0000000Z;2021-08-23T00:01:00.0000000Z;2021-08-23T23:59:00.0000000Z;0.3151941681640387;0.32808601605007714;0.3132239419761747;0.31783901051249486
2021-08-24T00:00:00.0000000Z;2021-08-25T00:00:00.0000000Z;2021-08-24T00:01:00.0000000Z;2021-08-24T23:59:00.0000000Z;0.31781130573182453;0.3195226022445453;0.27609711894838146;0.28877613272130764
2021-08-25T00:00:00.0000000Z;2021-08-26T00:00:00.0000000Z;2021-08-25T00:01:00.0000000Z;2021-08-25T23:59:00.0000000Z;0.28905981415120874;0.2969251057440883;0.27986361773095997;0.2921914612743066
2021-08-26T00:00:00.0000000Z;2021-08-27T00:00:00.0000000Z;2021-08-26T00:01:00.0000000Z;2021-08-26T23:59:00.0000000Z;0.29240169576336933;0.29589019430926267;0.2650446372342218;0.2687105609685582
2021-08-27T00:00:00.0000000Z;2021-08-28T00:00:00.0000000Z;2021-08-27T00:01:00.0000000Z;2021-08-27T23:59:00.0000000Z;0.26847881698608284;0.29505446781131134;0.26561459017153416;0.29420176553504673
2021-08-28T00:00:00.0000000Z;2021-08-29T00:00:00.0000000Z;2021-08-28T00:01:00.0000000Z;2021-08-28T23:59:00.0000000Z;0.29465081841551577;0.2996156881979899;0.28326450804438996;0.2854778161272673
2021-08-29T00:00:00.0000000Z;2021-08-30T00:00:00.0000000Z;2021-08-29T00:01:00.0000000Z;2021-08-29T23:59:00.0000000Z;0.2866957333792678;0.29188273209757853;0.2770906554422054;0.2808904140799142
2021-08-30T00:00:00.0000000Z;2021-08-31T00:00:00.0000000Z;2021-08-30T00:01:00.0000000Z;2021-08-30T23:59:00.0000000Z;0.2812816099994333;0.2895188542966735;0.27019570105697616;0.2719697635679541
2021-08-31T00:00:00.0000000Z;2021-09-01T00:00:00.0000000Z;2021-08-31T00:01:00.0000000Z;2021-08-31T23:59:00.0000000Z;0.2716224215031073;0.2856850409546124;0.2698982109575964;0.27834662734338766
2021-09-01T00:00:00.0000000Z;2021-09-02T00:00:00.0000000Z;2021-09-01T00:01:00.0000000Z;2021-09-01T23:59:00.0000000Z;0.2772569015678768;0.2946851145000881;0.2733890923952734;0.2943028779412701
2021-09-02T00:00:00.0000000Z;2021-09-03T00:00:00.0000000Z;2021-09-02T00:01:00.0000000Z;2021-09-02T23:59:00.0000000Z;0.29489202011693044;0.3094297268605088;0.29187360285206726;0.2958687727078276
2021-09-03T00:00:00.0000000Z;2021-09-04T00:00:00.0000000Z;2021-09-03T00:01:00.0000000Z;2021-09-03T23:59:00.0000000Z;0.29535177473579555;0.30469827472062605;0.28817125012590356;0.296197645700286
2021-09-04T00:00:00.0000000Z;2021-09-05T00:00:00.0000000Z;2021-09-04T00:01:00.0000000Z;2021-09-04T23:59:00.0000000Z;0.29585252872707163;0.30847143818832923;0.29355109592198025;0.29964866461411416
2021-09-05T00:00:00.0000000Z;2021-09-06T00:00:00.0000000Z;2021-09-05T00:01:00.0000000Z;2021-09-05T23:59:00.0000000Z;0.2997868412714859;0.31506537512351535;0.29652327690944114;0.3142549346241542
2021-09-06T00:00:00.0000000Z;2021-09-07T00:00:00.0000000Z;2021-09-06T00:01:00.0000000Z;2021-09-06T23:59:00.0000000Z;0.3151673017718046;0.3196226241394915;0.3007039905996196;0.3089819189952754
2021-09-07T00:00:00.0000000Z;2021-09-08T00:00:00.0000000Z;2021-09-07T00:01:00.0000000Z;2021-09-07T23:59:00.0000000Z;0.308931857101034;0.31122356121783246;0.2155562301351855;0.2539866697827236
2021-09-08T00:00:00.0000000Z;2021-09-09T00:00:00.0000000Z;2021-09-08T00:01:00.0000000Z;2021-09-08T23:59:00.0000000Z;0.25546525163500294;0.2632026641998727;0.2346712891179787;0.2567545654288849
2021-09-09T00:00:00.0000000Z;2021-09-10T00:00:00.0000000Z;2021-09-09T00:01:00.0000000Z;2021-09-09T23:59:00.0000000Z;0.2561355783394546;0.2595852624844388;0.24909066802438698;0.2524395096736038
2021-09-10T00:00:00.0000000Z;2021-09-11T00:00:00.0000000Z;2021-09-10T00:01:00.0000000Z;2021-09-10T23:59:00.0000000Z;0.25280585780228143;0.26163104260434417;0.23567043517630681;0.239951054437969
2021-09-11T00:00:00.0000000Z;2021-09-12T00:00:00.0000000Z;2021-09-11T00:01:00.0000000Z;2021-09-11T23:59:00.0000000Z;0.24003085603510546;0.24785664466641227;0.23816293326083296;0.24098849581665538
2021-09-12T00:00:00.0000000Z;2021-09-13T00:00:00.0000000Z;2021-09-12T00:01:00.0000000Z;2021-09-12T23:59:00.0000000Z;0.24096331479252234;0.25475738018694055;0.23892918217846723;0.2505477437397126
2021-09-13T00:00:00.0000000Z;2021-09-14T00:00:00.0000000Z;2021-09-13T00:01:00.0000000Z;2021-09-13T23:59:00.0000000Z;0.25111560838376284;0.2520523811227692;0.229004990235509;0.2359003284165871
2021-09-14T00:00:00.0000000Z;2021-09-15T00:00:00.0000000Z;2021-09-14T00:01:00.0000000Z;2021-09-14T23:59:00.0000000Z;0.23605180694904918;0.24148116997517477;0.23422579715888128;0.24039037321165002
2021-09-15T00:00:00.0000000Z;2021-09-16T00:00:00.0000000Z;2021-09-15T00:01:00.0000000Z;2021-09-15T23:59:00.0000000Z;0.2404412476867896;0.24820768097319787;0.23913408126390254;0.24731901486456465
2021-09-16T00:00:00.0000000Z;2021-09-17T00:00:00.0000000Z;2021-09-16T00:01:00.0000000Z;2021-09-16T23:59:00.0000000Z;0.2475592498489147;0.2477239246365688;0.23322405232418095;0.24243262779599872
2021-09-17T00:00:00.0000000Z;2021-09-18T00:00:00.0000000Z;2021-09-17T00:01:00.0000000Z;2021-09-17T23:59:00.0000000Z;0.24152126661811996;0.25975498941324754;0.23802215774812768;0.2398850678485701
2021-09-18T00:00:00.0000000Z;2021-09-19T00:00:00.0000000Z;2021-09-18T00:01:00.0000000Z;2021-09-18T23:59:00.0000000Z;0.24010009669069024;0.24737830571581146;0.2382039786161298;0.24167456422874217
2021-09-19T00:00:00.0000000Z;2021-09-20T00:00:00.0000000Z;2021-09-19T00:01:00.0000000Z;2021-09-19T23:59:00.0000000Z;0.24123913180742126;0.24133028485767255;0.23092425963953642;0.23298683111173665
2021-09-20T00:00:00.0000000Z;2021-09-21T00:00:00.0000000Z;2021-09-20T00:01:00.0000000Z;2021-09-20T23:59:00.0000000Z;0.23317238439207955;0.23351620830228778;0.1995225917531683;0.20686293649786835
2021-09-21T00:00:00.0000000Z;2021-09-22T00:00:00.0000000Z;2021-09-21T00:01:00.0000000Z;2021-09-21T23:59:00.0000000Z;0.208173871831232;0.2181421695040255;0.19837211907053873;0.20096664241325055
2021-09-22T00:00:00.0000000Z;2021-09-23T00:00:00.0000000Z;2021-09-22T00:01:00.0000000Z;2021-09-22T23:59:00.0000000Z;0.20024408796608006;0.22934702274729238;0.2000260089180499;0.22461120303662155
2021-09-23T00:00:00.0000000Z;2021-09-24T00:00:00.0000000Z;2021-09-23T00:01:00.0000000Z;2021-09-23T23:59:00.0000000Z;0.2241659827025956;0.2267929597986551;0.21775584618274657;0.22475061026130957
2021-09-24T00:00:00.0000000Z;2021-09-25T00:00:00.0000000Z;2021-09-24T00:01:00.0000000Z;2021-09-24T23:59:00.0000000Z;0.22506158666558282;0.22808890768318085;0.1980427217668219;0.20925824841527904
2021-09-25T00:00:00.0000000Z;2021-09-26T00:00:00.0000000Z;2021-09-25T00:01:00.0000000Z;2021-09-25T23:59:00.0000000Z;0.2092896524249463;0.21248453464327655;0.2046513805232151;0.20825622367345548
2021-09-26T00:00:00.0000000Z;2021-09-27T00:00:00.0000000Z;2021-09-26T00:01:00.0000000Z;2021-09-26T23:59:00.0000000Z;0.20824268792763856;0.20887294316663862;0.19455411751012663;0.20493209233557902
2021-09-27T00:00:00.0000000Z;2021-09-28T00:00:00.0000000Z;2021-09-27T00:01:00.0000000Z;2021-09-27T23:59:00.0000000Z;0.20480683743712153;0.20916224483841991;0.19985517498145447;0.19995695556431445
2021-09-28T00:00:00.0000000Z;2021-09-29T00:00:00.0000000Z;2021-09-28T00:01:00.0000000Z;2021-09-28T23:59:00.0000000Z;0.1998878735978077;0.20249516984763818;0.19626410860828125;0.1966208808552352
2021-09-29T00:00:00.0000000Z;2021-09-30T00:00:00.0000000Z;2021-09-29T00:01:00.0000000Z;2021-09-29T23:59:00.0000000Z;0.19637519194164216;0.20388026597517572;0.19487438544797825;0.19872750682704565
2021-09-30T00:00:00.0000000Z;2021-10-01T00:00:00.0000000Z;2021-09-30T00:01:00.0000000Z;2021-09-30T23:59:00.0000000Z;0.19874791399130562;0.20584904707212556;0.19769631749872715;0.20415944085510818
2021-10-01T00:00:00.0000000Z;2021-10-02T00:00:00.0000000Z;2021-10-01T00:01:00.0000000Z;2021-10-01T23:59:00.0000000Z;0.204339284109988;0.22500417998888853;0.2018176487596733;0.2230788415847671
2021-10-02T00:00:00.0000000Z;2021-10-03T00:00:00.0000000Z;2021-10-02T00:01:00.0000000Z;2021-10-02T23:59:00.0000000Z;0.22272660535774852;0.22478274292679734;0.2153597768318029;0.21890571453219423
2021-10-03T00:00:00.0000000Z;2021-10-04T00:00:00.0000000Z;2021-10-03T00:01:00.0000000Z;2021-10-03T23:59:00.0000000Z;0.21878491164181246;0.22619918845837067;0.2158100400911605;0.22162436897986057
2021-10-04T00:00:00.0000000Z;2021-10-05T00:00:00.0000000Z;2021-10-04T00:01:00.0000000Z;2021-10-04T23:59:00.0000000Z;0.22168531670526653;0.24816647841440945;0.21318802524903827;0.24133674525184887
2021-10-05T00:00:00.0000000Z;2021-10-06T00:00:00.0000000Z;2021-10-05T00:01:00.0000000Z;2021-10-05T23:59:00.0000000Z;0.24150469906690025;0.26811885498099614;0.2336837547788746;0.2519469128838322
2021-10-06T00:00:00.0000000Z;2021-10-07T00:00:00.0000000Z;2021-10-06T00:01:00.0000000Z;2021-10-06T23:59:00.0000000Z;0.2514895427482372;0.27132964158768885;0.24274272637802086;0.2549278518156165
2021-10-07T00:00:00.0000000Z;2021-10-08T00:00:00.0000000Z;2021-10-07T00:01:00.0000000Z;2021-10-07T23:59:00.0000000Z;0.25433152602513875;0.2568466270848056;0.23870892199567056;0.2428839789266187
2021-10-08T00:00:00.0000000Z;2021-10-09T00:00:00.0000000Z;2021-10-08T00:01:00.0000000Z;2021-10-08T23:59:00.0000000Z;0.24329661210849984;0.25483381188711646;0.2417014662464312;0.24377359960152864
2021-10-09T00:00:00.0000000Z;2021-10-10T00:00:00.0000000Z;2021-10-09T00:01:00.0000000Z;2021-10-09T23:59:00.0000000Z;0.24408662195441364;0.251939190064096;0.24175433938696145;0.24652982328735118
2021-10-10T00:00:00.0000000Z;2021-10-11T00:00:00.0000000Z;2021-10-10T00:01:00.0000000Z;2021-10-10T23:59:00.0000000Z;0.24681735193261567;0.24854974180013187;0.22781809354197416;0.22930828879660364
2021-10-11T00:00:00.0000000Z;2021-10-12T00:00:00.0000000Z;2021-10-11T00:01:00.0000000Z;2021-10-11T23:59:00.0000000Z;0.22886661533271305;0.2392443263623284;0.22516431071794707;0.2311692019195921
2021-10-12T00:00:00.0000000Z;2021-10-13T00:00:00.0000000Z;2021-10-12T00:01:00.0000000Z;2021-10-12T23:59:00.0000000Z;0.23104864194419525;0.23156667759096733;0.21680802869319982;0.22605934363333965
2021-10-13T00:00:00.0000000Z;2021-10-14T00:00:00.0000000Z;2021-10-13T00:01:00.0000000Z;2021-10-13T23:59:00.0000000Z;0.22589574097921486;0.23391534728982324;0.22081006549833304;0.23265179763033866
2021-10-14T00:00:00.0000000Z;2021-10-15T00:00:00.0000000Z;2021-10-14T00:01:00.0000000Z;2021-10-14T23:59:00.0000000Z;0.2330886545752672;0.23999615331783913;0.23123979297945657;0.2323038235658275
2021-10-15T00:00:00.0000000Z;2021-10-16T00:00:00.0000000Z;2021-10-15T00:01:00.0000000Z;2021-10-15T23:59:00.0000000Z;0.23251151958226726;0.2433035308197815;0.22574514362401785;0.233829750365504
2021-10-16T00:00:00.0000000Z;2021-10-17T00:00:00.0000000Z;2021-10-16T00:01:00.0000000Z;2021-10-16T23:59:00.0000000Z;0.2339901524768235;0.24452491305629973;0.2339846782605703;0.2371120810037928
2021-10-17T00:00:00.0000000Z;2021-10-18T00:00:00.0000000Z;2021-10-17T00:01:00.0000000Z;2021-10-17T23:59:00.0000000Z;0.23729396802258979;0.24135534021867866;0.22610721965438169;0.2376082566717128
2021-10-18T00:00:00.0000000Z;2021-10-19T00:00:00.0000000Z;2021-10-18T00:01:00.0000000Z;2021-10-18T23:59:00.0000000Z;0.23819947456186175;0.2723685390911195;0.23737038888605025;0.2472261824538586
2021-10-19T00:00:00.0000000Z;2021-10-20T00:00:00.0000000Z;2021-10-19T00:01:00.0000000Z;2021-10-19T23:59:00.0000000Z;0.24717086899257734;0.25425961319233814;0.2405717961472102;0.24563473335096322
2021-10-20T00:00:00.0000000Z;2021-10-21T00:00:00.0000000Z;2021-10-20T00:01:00.0000000Z;2021-10-20T23:59:00.0000000Z;0.24525112991914993;0.2613545015970495;0.2421002678283098;0.25428078481581673
2021-10-21T00:00:00.0000000Z;2021-10-22T00:00:00.0000000Z;2021-10-21T00:01:00.0000000Z;2021-10-21T23:59:00.0000000Z;0.2545245034770885;0.2582830908144136;0.24212539283373738;0.24234659286067856
2021-10-22T00:00:00.0000000Z;2021-10-23T00:00:00.0000000Z;2021-10-22T00:01:00.0000000Z;2021-10-22T23:59:00.0000000Z;0.24248613835234725;0.2524978308482857;0.23605102107275336;0.24418222962002872
2021-10-23T00:00:00.0000000Z;2021-10-24T00:00:00.0000000Z;2021-10-23T00:01:00.0000000Z;2021-10-23T23:59:00.0000000Z;0.24424669453523454;0.2525653935297644;0.24167221482529533;0.25133031634936887
2021-10-24T00:00:00.0000000Z;2021-10-25T00:00:00.0000000Z;2021-10-24T00:01:00.0000000Z;2021-10-24T23:59:00.0000000Z;0.2507450409511535;0.2821871060807039;0.24601135234132995;0.2765014878802945
2021-10-25T00:00:00.0000000Z;2021-10-26T00:00:00.0000000Z;2021-10-25T00:01:00.0000000Z;2021-10-25T23:59:00.0000000Z;0.2781545262042435;0.2801926230027187;0.2598035439730989;0.2645622031455356
2021-10-26T00:00:00.0000000Z;2021-10-27T00:00:00.0000000Z;2021-10-26T00:01:00.0000000Z;2021-10-26T23:59:00.0000000Z;0.26517112235795787;0.2738369194542772;0.25287652482158873;0.2554393285390275
2021-10-27T00:00:00.0000000Z;2021-10-28T00:00:00.0000000Z;2021-10-27T00:01:00.0000000Z;2021-10-27T23:59:00.0000000Z;0.25586889508898747;0.26362131349629875;0.23013013572389043;0.23800380837219898
2021-10-28T00:00:00.0000000Z;2021-10-29T00:00:00.0000000Z;2021-10-28T00:01:00.0000000Z;2021-10-28T23:59:00.0000000Z;0.23831381378642402;0.33977057343907413;0.2332059995644952;0.3001439120494671
2021-10-29T00:00:00.0000000Z;2021-10-30T00:00:00.0000000Z;2021-10-29T00:01:00.0000000Z;2021-10-29T23:59:00.0000000Z;0.3011932016438538;0.3060806604380303;0.2800470233042782;0.28778126880927274
2021-10-30T00:00:00.0000000Z;2021-10-31T00:00:00.0000000Z;2021-10-30T00:01:00.0000000Z;2021-10-30T23:59:00.0000000Z;0.2880444542388072;0.29467713525344774;0.2598835419804143;0.2683906160614434
2021-10-31T00:00:00.0000000Z;2021-11-01T00:00:00.0000000Z;2021-10-31T00:01:00.0000000Z;2021-10-31T23:59:00.0000000Z;0.2687057081115466;0.2847154782709966;0.25234446892070134;0.28032227180545455
2021-11-01T00:00:00.0000000Z;2021-11-02T00:00:00.0000000Z;2021-11-01T00:01:00.0000000Z;2021-11-01T23:59:00.0000000Z;0.2800962128879746;0.2859131278345545;0.2647250101665135;0.27197590442129393
2021-11-02T00:00:00.0000000Z;2021-11-03T00:00:00.0000000Z;2021-11-02T00:01:00.0000000Z;2021-11-02T23:59:00.0000000Z;0.27197893268749346;0.2809801111034983;0.267583156376782;0.2733708518059864
2021-11-03T00:00:00.0000000Z;2021-11-04T00:00:00.0000000Z;2021-11-03T00:01:00.0000000Z;2021-11-03T23:59:00.0000000Z;0.2745060492566711;0.27756736689788913;0.2635064426735131;0.2692223056982293
2021-11-04T00:00:00.0000000Z;2021-11-05T00:00:00.0000000Z;2021-11-04T00:01:00.0000000Z;2021-11-04T23:59:00.0000000Z;0.26911064829377673;0.27072879134593236;0.2545401076827868;0.2633212666354284
2021-11-05T00:00:00.0000000Z;2021-11-06T00:00:00.0000000Z;2021-11-05T00:01:00.0000000Z;2021-11-05T23:59:00.0000000Z;0.26279444569233407;0.2700346468977308;0.2578063296855527;0.2611036476607371
2021-11-06T00:00:00.0000000Z;2021-11-07T00:00:00.0000000Z;2021-11-06T00:01:00.0000000Z;2021-11-06T23:59:00.0000000Z;0.261205132458843;0.2675356447253535;0.2509129928966416;0.26185591516042
2021-11-07T00:00:00.0000000Z;2021-11-08T00:00:00.0000000Z;2021-11-07T00:01:00.0000000Z;2021-11-07T23:59:00.0000000Z;0.261929240088207;0.2699913714702107;0.2587094370867033;0.26617267679813733
2021-11-08T00:00:00.0000000Z;2021-11-09T00:00:00.0000000Z;2021-11-08T00:01:00.0000000Z;2021-11-08T23:59:00.0000000Z;0.26676123098651805;0.2964302396830284;0.264875916297544;0.282239139266838
2021-11-09T00:00:00.0000000Z;2021-11-10T00:00:00.0000000Z;2021-11-09T00:01:00.0000000Z;2021-11-09T23:59:00.0000000Z;0.2815143025211696;0.2897454484319541;0.2720768086620205;0.27330859019258164
2021-11-10T00:00:00.0000000Z;2021-11-11T00:00:00.0000000Z;2021-11-10T00:01:00.0000000Z;2021-11-10T23:59:00.0000000Z;0.2734628829367589;0.27702015326938617;0.23886837869973407;0.2560768251460643
2021-11-11T00:00:00.0000000Z;2021-11-12T00:00:00.0000000Z;2021-11-11T00:01:00.0000000Z;2021-11-11T23:59:00.0000000Z;0.25520512259654893;0.2701086288710927;0.2533891591401659;0.26090523495248163
2021-11-12T00:00:00.0000000Z;2021-11-13T00:00:00.0000000Z;2021-11-12T00:01:00.0000000Z;2021-11-12T23:59:00.0000000Z;0.26093480361495913;0.26841452620786477;0.24968622079224526;0.2598055545472238
2021-11-13T00:00:00.0000000Z;2021-11-14T00:00:00.0000000Z;2021-11-13T00:01:00.0000000Z;2021-11-13T23:59:00.0000000Z;0.25952936196582604;0.26207895708591167;0.25447293758834466;0.2615221385632979
2021-11-14T00:00:00.0000000Z;2021-11-15T00:00:00.0000000Z;2021-11-14T00:01:00.0000000Z;2021-11-14T23:59:00.0000000Z;0.2615452818586833;0.2715920309832245;0.26040650812365224;0.2628092878683897
2021-11-15T00:00:00.0000000Z;2021-11-16T00:00:00.0000000Z;2021-11-15T00:01:00.0000000Z;2021-11-15T23:59:00.0000000Z;0.26357415405110163;0.265106609683771;0.25636996586817534;0.2565328598044775
2021-11-16T00:00:00.0000000Z;2021-11-17T00:00:00.0000000Z;2021-11-16T00:01:00.0000000Z;2021-11-16T23:59:00.0000000Z;0.25644186433104166;0.25644186433104166;0.22584139330853456;0.23724919211864878
2021-11-17T00:00:00.0000000Z;2021-11-18T00:00:00.0000000Z;2021-11-17T00:01:00.0000000Z;2021-11-17T23:59:00.0000000Z;0.23732821534394105;0.24119614440517173;0.23013951861224163;0.23750631085731946
2021-11-18T00:00:00.0000000Z;2021-11-19T00:00:00.0000000Z;2021-11-18T00:01:00.0000000Z;2021-11-18T23:59:00.0000000Z;0.2376017823069835;0.2415973798084037;0.21628075616110218;0.22198098396387164
2021-11-19T00:00:00.0000000Z;2021-11-20T00:00:00.0000000Z;2021-11-19T00:01:00.0000000Z;2021-11-19T23:59:00.0000000Z;0.22182840730579653;0.2369806398017656;0.21647842577792767;0.23315180202080849
2021-11-20T00:00:00.0000000Z;2021-11-21T00:00:00.0000000Z;2021-11-20T00:01:00.0000000Z;2021-11-20T23:59:00.0000000Z;0.23326740073254404;0.23589520868252098;0.2255468551309986;0.23320844393186402
2021-11-21T00:00:00.0000000Z;2021-11-22T00:00:00.0000000Z;2021-11-21T00:01:00.0000000Z;2021-11-21T23:59:00.0000000Z;0.23370775525794213;0.23370775525794213;0.22560640045177552;0.2263584418729153
2021-11-22T00:00:00.0000000Z;2021-11-23T00:00:00.0000000Z;2021-11-22T00:01:00.0000000Z;2021-11-22T23:59:00.0000000Z;0.22626975148327505;0.22723221017857456;0.21714583939447887;0.21988597741338378
2021-11-23T00:00:00.0000000Z;2021-11-24T00:00:00.0000000Z;2021-11-23T00:00:00.0000000Z;2021-11-23T23:59:00.0000000Z;0.2196259442764166;0.23525581320028444;0.214522419570007;0.22655305465115214
2021-11-24T00:00:00.0000000Z;2021-11-25T00:00:00.0000000Z;2021-11-24T00:00:00.0000000Z;2021-11-24T23:59:00.0000000Z;0.226735506273581;0.22974716993995697;0.21162028722495418;0.21768378475919675
2021-11-25T00:00:00.0000000Z;2021-11-26T00:00:00.0000000Z;2021-11-25T00:00:00.0000000Z;2021-11-25T23:59:00.0000000Z;0.2175044191987924;0.22986527686232977;0.2147343953091051;0.22141079910192984
2021-11-26T00:00:00.0000000Z;2021-11-27T00:00:00.0000000Z;2021-11-26T00:00:00.0000000Z;2021-11-26T23:59:00.0000000Z;0.22130312814157838;0.22218331416044496;0.19352714489359069;0.20151410894144925
2021-11-27T00:00:00.0000000Z;2021-11-28T00:00:00.0000000Z;2021-11-27T00:00:00.0000000Z;2021-11-27T23:59:00.0000000Z;0.20171932775722784;0.20954266669206165;0.20171932775722784;0.20504444959506313
2021-11-28T00:00:00.0000000Z;2021-11-29T00:00:00.0000000Z;2021-11-28T00:00:00.0000000Z;2021-11-28T23:59:00.0000000Z;0.20506736080327323;0.20780373498072732;0.1933271078523567;0.20773171025263534
2021-11-29T00:00:00.0000000Z;2021-11-30T00:00:00.0000000Z;2021-11-29T00:00:00.0000000Z;2021-11-29T23:59:00.0000000Z;0.2077355441294822;0.22438500207167023;0.20334973112901186;0.2151739040129603
2021-11-30T00:00:00.0000000Z;2021-12-01T00:00:00.0000000Z;2021-11-30T00:00:00.0000000Z;2021-11-30T23:59:00.0000000Z;0.21513091119172525;0.22727534745930278;0.21279404323178;0.21474610504776095
2021-12-01T00:00:00.0000000Z;2021-12-02T00:00:00.0000000Z;2021-12-01T00:00:00.0000000Z;2021-12-01T23:59:00.0000000Z;0.21477950657795145;0.21867288838634893;0.2061409770392703;0.20947827112638268
2021-12-02T00:00:00.0000000Z;2021-12-03T00:00:00.0000000Z;2021-12-02T00:00:00.0000000Z;2021-12-02T23:59:00.0000000Z;0.20935270646201087;0.22279126461913745;0.20207542185012278;0.2094828340657849
2021-12-03T00:00:00.0000000Z;2021-12-04T00:00:00.0000000Z;2021-12-03T00:00:00.0000000Z;2021-12-03T23:59:00.0000000Z;0.20967773854543229;0.21174111854091096;0.19361361911565744;0.19982071083998612
2021-12-04T00:00:00.0000000Z;2021-12-05T00:00:00.0000000Z;2021-12-04T00:00:00.0000000Z;2021-12-04T23:59:00.0000000Z;0.19990719025750736;0.2003531889649504;0.13712790263049546;0.17949212171806286
2021-12-05T00:00:00.0000000Z;2021-12-06T00:00:00.0000000Z;2021-12-05T00:00:00.0000000Z;2021-12-05T23:59:00.0000000Z;0.17910476949450865;0.18134305521334704;0.16366480554340546;0.1717303672025874
2021-12-06T00:00:00.0000000Z;2021-12-07T00:00:00.0000000Z;2021-12-06T00:00:00.0000000Z;2021-12-06T23:59:00.0000000Z;0.17200414918453796;0.18063466717358315;0.1598539519396463;0.17868998148431398
2021-12-07T00:00:00.0000000Z;2021-12-08T00:00:00.0000000Z;2021-12-07T00:00:00.0000000Z;2021-12-07T23:59:00.0000000Z;0.1783908454902372;0.18324432412615135;0.17537682068987412;0.17644690679880426
2021-12-08T00:00:00.0000000Z;2021-12-09T00:00:00.0000000Z;2021-12-08T00:00:00.0000000Z;2021-12-08T23:59:00.0000000Z;0.1764648327249342;0.18210641645488856;0.17266623538161832;0.17919004514057976
2021-12-09T00:00:00.0000000Z;2021-12-10T00:00:00.0000000Z;2021-12-09T00:00:00.0000000Z;2021-12-09T23:59:00.0000000Z;0.1791871443637725;0.1821194134141535;0.16929802185413456;0.16929802185413456
2021-12-10T00:00:00.0000000Z;2021-12-11T00:00:00.0000000Z;2021-12-10T00:00:00.0000000Z;2021-12-10T23:59:00.0000000Z;0.1692702223561516;0.1744820929186704;0.16397928297831443;0.16418179712247138
2021-12-11T00:00:00.0000000Z;2021-12-12T00:00:00.0000000Z;2021-12-11T00:00:00.0000000Z;2021-12-11T23:59:00.0000000Z;0.16414140903135307;0.1698822783044796;0.16163693913139462;0.16898767196342218
2021-12-12T00:00:00.0000000Z;2021-12-13T00:00:00.0000000Z;2021-12-12T00:00:00.0000000Z;2021-12-12T23:59:00.0000000Z;0.16898558106874978;0.17287655544042982;0.16576958776460052;0.16985040349191752
2021-12-13T00:00:00.0000000Z;2021-12-14T00:00:00.0000000Z;2021-12-13T00:00:00.0000000Z;2021-12-13T23:59:00.0000000Z;0.1698629965139787;0.17040130907656023;0.1518545009021958;0.15744551839638576
2021-12-14T00:00:00.0000000Z;2021-12-15T00:00:00.0000000Z;2021-12-14T00:00:00.0000000Z;2021-12-14T23:59:00.0000000Z;0.1574397326100118;0.21875485319113253;0.1550510849112972;0.19104972155932284
2021-12-15T00:00:00.0000000Z;2021-12-16T00:00:00.0000000Z;2021-12-15T00:00:00.0000000Z;2021-12-15T23:59:00.0000000Z;0.1910624600147631;0.1910624600147631;0.17088814146115755;0.18105475299770082
2021-12-16T00:00:00.0000000Z;2021-12-17T00:00:00.0000000Z;2021-12-16T00:00:00.0000000Z;2021-12-16T23:59:00.0000000Z;0.18105475299770082;0.1851967644445031;0.17274767522977807;0.17282687447370643
2021-12-17T00:00:00.0000000Z;2021-12-18T00:00:00.0000000Z;2021-12-17T00:00:00.0000000Z;2021-12-17T23:59:00.0000000Z;0.17331503741214288;0.17643270640203687;0.16211625342442917;0.16916249487781995
2021-12-18T00:00:00.0000000Z;2021-12-19T00:00:00.0000000Z;2021-12-18T00:00:00.0000000Z;2021-12-18T23:59:00.0000000Z;0.16853779275785977;0.17454466743189292;0.16624206803624958;0.17233421481122116
2021-12-19T00:00:00.0000000Z;2021-12-20T00:00:00.0000000Z;2021-12-19T00:00:00.0000000Z;2021-12-19T23:59:00.0000000Z;0.17236560387868669;0.17444739913710097;0.16934313416236585;0.1693638861855408
2021-12-20T00:00:00.0000000Z;2021-12-21T00:00:00.0000000Z;2021-12-20T00:00:00.0000000Z;2021-12-20T23:59:00.0000000Z;0.1694538867139953;0.17065126055626473;0.1614460362477121;0.16706034332874597
2021-12-21T00:00:00.0000000Z;2021-12-22T00:00:00.0000000Z;2021-12-21T00:00:00.0000000Z;2021-12-21T23:59:00.0000000Z;0.16715648692417104;0.1721564441890717;0.1658644737227304;0.17086698132156194
2021-12-22T00:00:00.0000000Z;2021-12-23T00:00:00.0000000Z;2021-12-22T00:00:00.0000000Z;2021-12-22T23:59:00.0000000Z;0.1709385983997323;0.17951514199977125;0.1698799831265277;0.17295135527307792
2021-12-23T00:00:00.0000000Z;2021-12-24T00:00:00.0000000Z;2021-12-23T00:00:00.0000000Z;2021-12-23T23:59:00.0000000Z;0.17305211869452647;0.18448405110304916;0.17155127752808255;0.184272168326177
2021-12-24T00:00:00.0000000Z;2021-12-25T00:00:00.0000000Z;2021-12-24T00:00:00.0000000Z;2021-12-24T23:59:00.0000000Z;0.18452067091922672;0.19517178894374554;0.17966423632572487;0.1864267792601834
2021-12-25T00:00:00.0000000Z;2021-12-26T00:00:00.0000000Z;2021-12-25T00:00:00.0000000Z;2021-12-25T23:59:00.0000000Z;0.18627088982568038;0.19473598270257267;0.18505607218958356;0.19065602135325108
2021-12-26T00:00:00.0000000Z;2021-12-27T00:00:00.0000000Z;2021-12-26T00:00:00.0000000Z;2021-12-26T23:59:00.0000000Z;0.19067406294250763;0.19244012991866014;0.1853135962519895;0.18995819556797083
2021-12-27T00:00:00.0000000Z;2021-12-28T00:00:00.0000000Z;2021-12-27T00:00:00.0000000Z;2021-12-27T23:59:00.0000000Z;0.1899463651712238;0.19265503214834437;0.18731103685449316;0.18780063752665352
2021-12-28T00:00:00.0000000Z;2021-12-29T00:00:00.0000000Z;2021-12-28T00:00:00.0000000Z;2021-12-28T23:59:00.0000000Z;0.18782270030912093;0.18782270030912093;0.17280307577841744;0.17411901696892357
2021-12-29T00:00:00.0000000Z;2021-12-30T00:00:00.0000000Z;2021-12-29T00:00:00.0000000Z;2021-12-29T23:59:00.0000000Z;0.17384564809412703;0.17728924145462135;0.16685995846113108;0.16770175041834606
2021-12-30T00:00:00.0000000Z;2021-12-31T00:00:00.0000000Z;2021-12-30T00:00:00.0000000Z;2021-12-30T23:59:00.0000000Z;0.16773036621015916;0.1756530703169149;0.165336783158772;0.1712463559624559
2021-12-31T00:00:00.0000000Z;2022-01-01T00:00:00.0000000Z;2021-12-31T00:00:00.0000000Z;2021-12-31T23:59:00.0000000Z;0.17124156904360227;0.17563411130641562;0.1663845835945324;0.1701498698403588
2022-01-01T00:00:00.0000000Z;2022-01-02T00:00:00.0000000Z;2022-01-01T00:00:00.0000000Z;2022-01-01T00:00:00.0000000Z;0.17015424269838542;0.17015424269838542;0.17015424269838542;0.17015424269838542
